JPRDIS03930;Fraise du Jardin Sel de Nicotine - Nebula - 10ml 20mg (10 pieces);2;15.800000
JPRDIS38116;Menthe Arctique - Nébula - 10ml (10 pièces) (Nicotine : 12 MG);1;7.900000
JPRDIS38158;Pastèque Melon - Nébula - 10ml (10 pièces) (Nicotine : 0 MG);1;7.900000
JPRDIS40969;La Barre Caramel - Le Petit Confiseur - 10ml (Par 6) (Nicotine : 3 MG);2;10.680000
JPRDIS40856;Blood - Dragon - 10ml (Par 6) (Nicotine : 3 MG);2;10.680000
JPRDIS40853;Blood - Dragon - 10ml (Par 6) (Nicotine : 6 MG);2;10.680000
JPRDIS32490;Drip Tip Dark Vapor Delrin Capuchon Noir (Taille : Medium);2;4.780000
JPRDIS38530;DripTip Epoxy - Daze - 510 (par 5) (Couleur : Stellar);2;11.500000
JPRDIS38489;DripTip Epoxy - Daze - 510 (par 5) (Couleur : Noir);2;11.500000
JPRDIS40864;Los Pepes - Plata O Plomo - 10ml (Par 6) (Nicotine : 6 MG);1;5.340000
JPRDIS04612;Prince - Club des Legendes - Concentré Concentré Mono Arome 30ml;3;9.300000
JPRDIS38035;Resistances Zephyrus XL / GT - Dark Vapor (Ohm : 0.25 Mesh XL & GT par 2);5;18.450000
JPRDIS39004;Resistances Zephyrus XL / GT - Dark Vapor (Ohm : 0.15 V8 XL & GT par 2);5;19.500000
JPRDIS38150;Cassis Givré  - Nébula - 10ml (10 pièces) (Nicotine : 6 MG);3;23.700000
JPRDIS04205;Pyrex Mesmer X - 2ml - Par 2;3;7.200000
JPRDIS03502;Mojito Classique - Drinking From Cuba - 50ml 0mg - par 10;1;35.000000
JPRDIS38119;Fruits Rouges - Nébula - 10ml (10 pièces) (Nicotine : 3 MG);2;15.800000
JPRDIS38719;Blond Américain - Nebula - 10ml (10 pièces) (Nicotine : 16 MG);1;7.900000
JPRDIS40887;T-Shirt Vap Concept - Black - Homme (Taille : Taille XL);1;6.690000
JPRDIS40889;T-Shirt Vap Concept - Black - Homme (Taille : Taille M);1;6.690000
JPRDIS04233;Accu Eizfan 18650 - 2600mAh - 25/40A (Par 2);10;71.900000
JPRDIS41008;Green - Dragon - 10ml (Par 6) (Nicotine : 3 MG);1;5.340000
JPRDIS41007;Green - Dragon - 10ml (Par 6) (Nicotine : 6 MG);1;5.340000
JPRDIS41006;Green - Dragon - 10ml (Par 6) (Nicotine : 12 MG);1;5.340000
JPRDIS41016;Green Fresh - Refresh - 10ml (Par 6) (Nicotine : 3 MG);1;5.340000
JPRDIS41013;Green Fresh - Refresh - 10ml (Par 6) (Nicotine : 6 MG);1;5.340000
JPRDIS41012;Green Fresh - Refresh - 10ml (Par 6) (Nicotine : 12 MG);1;5.340000
JPRDIS41010;Barbapapa - Le Petit Confiseur - 10ml (Par 6) (Nicotine : 3 MG);1;5.340000
JPRDIS41011;Barbapapa - Le Petit Confiseur - 10ml (Par 6) (Nicotine : 6 MG);1;5.340000
JPRDIS41009;Barbapapa - Le Petit Confiseur - 10ml (Par 6) (Nicotine : 12 MG);1;5.340000
JPRDIS40991;Oasis Beach  - Miami Juices - 10ml (Par 6) (Nicotine : 3 MG);1;5.340000
JPRDIS40989;Oasis Beach  - Miami Juices - 10ml (Par 6) (Nicotine : 6 MG);1;5.340000
JPRDIS40988;Oasis Beach  - Miami Juices - 10ml (Par 6) (Nicotine : 12 MG);1;5.340000
JPRDIS40990;Oasis Beach  - Miami Juices - 10ml (Par 6) (Nicotine : SALT 20mg);1;5.340000
JPRDIS03858;Mango Yellow - Les Smoothies by Nebula - 50ml 0mg - par 10 ;1;35.000000
JPRDIS39503;Green Tonic - Les Smoothies by Nebula - 10ml (10 pieces) (Nicotine : 12 MG);1;7.900000
JPRDIS38148;Ananas Frappé - Nebula - 10ml (10 pièces) (Nicotine : 0 MG);1;7.900000
JPRDIS38074;Pomme Framboise - Nébula - 10ml (10 pièces) (Nicotine : 3 MG);1;7.900000
JPRDIS38922;Naboo - Dark Vapor - 10ml - par 10 (Nicotine : 6 MG);1;8.900000
JPRDIS38124;Cerise Chérie - Nébula - 10ml (10 pièces) (Nicotine : 3 MG);1;7.900000
JPRDIS38125;Cerise Chérie - Nébula - 10ml (10 pièces) (Nicotine : 6 MG);1;7.900000
JPRDIS38159;Cerise Cachottière  - Nébula - 10ml (10 pièces) (Nicotine : 3 MG);1;7.900000
JPRDIS38163;Cerise Cachottière  - Nébula - 10ml (10 pièces) (Nicotine : 0 MG);1;7.900000
JPRDIS40450;Café Frappé - Vapebucks - 10ml (PAR 12) (Nicotine : 6 MG);1;10.680000
JPRDIS31905;Red Astaire - T Juice - 10ml - Par 10 (Nicotine : 6 MG);1;17.900000
JPRDIS38717;Blond Américain - Nebula - 10ml (10 pièces) (Nicotine : 6 MG);3;23.700000
JPRDIS38157;Pastèque Melon - Nébula - 10ml (10 pièces) (Nicotine : 16 MG);1;7.900000
JPRDIS14468;Classic RY4 - Cirkus - 10ml  (Nicotine : 3 MG);20;33.000000
JPRDIS13702;Fruits Rouges - Cirkus - 10ml (Nicotine : 12 MG);10;16.500000
JPRDIS36720;Blond - Vegetol - 10ml (Nicotine : 6 MG);5;9.950000
